code,similar_code,rank,distance
ad,md,1,0.1885
ad,ro,2,0.1998
ad,td,3,0.2022
ad,ml,4,0.2355
ad,gd,5,0.2441
ad,am,6,0.2595
ae,ps,1,0.0971
ae,jo,2,0.1695
ae,eh,3,0.1804
ae,sd,4,0.1812
ae,ye,5,0.1844
ae,kw,6,0.1858
af,ke,1,0.2118
af,eh,2,0.2216
af,jo,3,0.2448
af,kw,4,0.2785
af,sd,5,0.2797
af,sy,6,0.2869
ag,tt,1,0.2087
ag,tl,2,0.2444
ag,ao,3,0.2517
ag,pg,4,0.2609
ag,de,5,0.2615
ag,hk,6,0.2677
ai,sh,1,0.032
ai,tc,2,0.0396
ai,fk,3,0.046
ai,ky,4,0.0506
ai,nz,5,0.053
ai,ms,6,0.0536
al,ma,1,0.0716
al,cn,2,0.0913
al,kg,3,0.0921
al,vn,4,0.0932
al,im,5,0.0974
al,tr,6,0.1011
am,lt,1,0.2008
am,ad,2,0.2595
am,ru,3,0.2731
am,gm,4,0.2786
am,ht,5,0.2975
am,ve,6,0.3071
ao,pg,1,0.0793
ao,ly,2,0.1769
ao,vu,3,0.2253
ao,tl,4,0.2313
ao,tt,5,0.2509
ao,ag,6,0.2517
aq,hn,1,0.1036
aq,kz,2,0.2012
aq,pw,3,0.2059
aq,tv,4,0.2235
aq,uz,5,0.268
aq,lu,6,0.2892
ar,gt,1,0.0818
ar,sm,2,0.1538
ar,fm,3,0.1805
ar,so,4,0.2013
ar,fj,5,0.202
ar,bw,6,0.2201
as,fk,1,0.2894
as,ky,2,0.2943
as,ai,3,0.2953
as,do,4,0.2988
as,vg,5,0.2992
as,gs,6,0.3013
at,pf,1,0.1148
at,lb,2,0.1216
at,dk,3,0.1599
at,bh,4,0.1734
at,pe,5,0.1756
at,ye,6,0.1757
au,nz,1,0.0337
au,sh,2,0.0431
au,ck,3,0.0481
au,ky,4,0.0593
au,ai,5,0.061
au,gs,6,0.0636
aw,fm,1,0.0994
aw,so,2,0.0996
aw,bw,3,0.157
aw,fj,4,0.1799
aw,gt,5,0.2007
aw,ar,6,0.231
ax,se,1,0.1599
ax,is,2,0.1924
ax,bs,3,0.2072
ax,tf,4,0.2526
ax,xk,5,0.2551
ax,md,6,0.2861
az,rw,1,0.3355
az,pm,2,0.3557
az,kz,3,0.367
az,uz,4,0.3686
az,hn,5,0.3764
az,tv,6,0.3793
ba,mp,1,0.1948
ba,mh,2,0.2209
ba,bz,3,0.2459
ba,hm,4,0.2498
ba,cv,5,0.2533
ba,ad,6,0.2871
bb,tk,1,0.1155
bb,cw,2,0.1965
bb,gs,3,0.2176
bb,pn,4,0.2211
bb,gu,5,0.2283
bb,td,6,0.2294
bd,mo,1,0.1248
bd,tg,2,0.345
bd,jm,3,0.3647
bd,cm,4,0.3781
bd,za,5,0.4016
bd,az,6,0.4091
be,ug,1,0.2771
be,td,2,0.2788
be,ro,3,0.2837
be,de,4,0.2959
be,ml,5,0.3022
be,gp,6,0.3412
bf,mr,1,0.1728
bf,gw,2,0.2065
bf,vu,3,0.2098
bf,bj,4,0.2478
bf,by,5,0.2502
bf,gn,6,0.2521
bg,ru,1,0.1449
bg,sk,2,0.1838
bg,si,3,0.2079
bg,it,4,0.2104
bg,cz,5,0.2192
bg,pl,6,0.2295
bh,mt,1,0.1368
bh,to,2,0.1597
bh,at,3,0.1734
bh,dk,4,0.1907
bh,ca,5,0.1918
bh,wf,6,0.1982
bi,rs,1,0.2836
bi,pf,2,0.2905
bi,hu,3,0.291
bi,ir,4,0.3005
bi,mm,5,0.3031
bi,it,6,0.3073
bj,gw,1,0.1763
bj,cg,2,0.1954
bj,cm,3,0.2002
bj,gn,4,0.2076
bj,ml,5,0.222
bj,mr,6,0.2246
bl,yt,1,0.0823
bl,cy,2,0.1066
bl,kr,3,0.1108
bl,jp,4,0.1259
bl,vi,5,0.1361
bl,je,6,0.1717
bm,wf,1,0.1262
bm,hk,2,0.1531
bm,tt,3,0.1592
bm,im,4,0.1612
bm,ws,5,0.1628
bm,ma,6,0.1668
bn,va,1,0.2565
bn,nu,2,0.2616
bn,bt,3,0.2719
bn,ec,4,0.3123
bn,co,5,0.3229
bn,mm,6,0.3344
bo,gh,1,0.0348
bo,by,2,0.1919
bo,gm,3,0.2293
bo,pt,4,0.2332
bo,mk,5,0.2484
bo,gw,6,0.2495
bq,ru,1,0.2795
bq,py,2,0.2916
bq,sx,3,0.2935
bq,cu,4,0.2938
bq,cv,5,0.3024
bq,cr,6,0.3059
br,gy,1,0.2365
br,nc,2,0.2664
br,ng,3,0.2692
br,mr,4,0.2834
br,ga,5,0.2931
br,bf,6,0.3013
bs,se,1,0.195
bs,ax,2,0.2072
bs,xk,3,0.2663
bs,is,4,0.2872
bs,ua,5,0.3026
bs,sb,6,0.3093
bt,va,1,0.2604
bt,bn,2,0.2719
bt,nu,3,0.2762
bt,mm,4,0.289
bt,ec,5,0.3054
bt,mk,6,0.3077
bv,no,1,0.0
bv,sj,2,0.0
bv,lv,3,0.217
bv,qa,4,0.2587
bv,es,5,0.2815
bv,sx,6,0.2869
bw,fm,1,0.1388
bw,so,2,0.1396
bw,aw,3,0.157
bw,gt,4,0.1857
bw,fj,5,0.1885
bw,ar,6,0.2201
by,mv,1,0.1426
by,pt,2,0.1633
by,om,3,0.1784
by,gh,4,0.1897
by,bo,5,0.1919
by,bm,6,0.2053
bz,mp,1,0.1822
bz,ht,2,0.2089
bz,kh,3,0.2115
bz,hm,4,0.215
bz,mh,5,0.2431
bz,ba,6,0.2459
ca,pe,1,0.1118
ca,bh,2,0.1918
ca,dk,3,0.2029
ca,at,4,0.2212
ca,ch,5,0.2255
ca,to,6,0.2318
cc,tm,1,0.1406
cc,zm,2,0.1549
cc,st,3,0.2376
cc,cx,4,0.2576
cc,gf,5,0.2761
cc,tz,6,0.3486
cd,re,1,0.2647
cd,ni,2,0.3052
cd,pm,3,0.3916
cd,ga,4,0.3918
cd,na,5,0.3954
cd,sl,6,0.4074
cf,km,1,0.3011
cf,et,2,0.3053
cf,mm,3,0.3116
cf,gq,4,0.319
cf,ml,5,0.3401
cf,ph,6,0.3409
cg,bj,1,0.1954
cg,sn,2,0.2042
cg,it,3,0.2409
cg,mr,4,0.2499
cg,bf,5,0.2826
cg,gn,6,0.2876
ch,hk,1,0.0853
ch,tn,2,0.0903
ch,dk,3,0.1114
ch,tr,4,0.1281
ch,im,5,0.1301
ch,to,6,0.1409
ci,ng,1,0.2185
ci,it,2,0.2738
ci,ie,3,0.2779
ci,ne,4,0.329
ci,bg,5,0.3316
ci,in,6,0.3325
ck,ky,1,0.0463
ck,nz,2,0.0473
ck,au,3,0.0481
ck,sh,4,0.0486
ck,ms,5,0.0492
ck,gs,6,0.0505
cl,pl,1,0.1369
cl,cz,2,0.154
cl,ru,3,0.1867
cl,gl,4,0.1925
cl,om,5,0.2225
cl,pe,6,0.2231
cm,gd,1,0.1987
cm,bj,2,0.2002
cm,ro,3,0.222
cm,td,4,0.2241
cm,ml,5,0.2337
cm,tg,6,0.234
cn,vn,1,0.0318
cn,im,2,0.0423
cn,ma,3,0.0508
cn,kg,4,0.0533
cn,tr,5,0.054
cn,hk,6,0.0777
co,ec,1,0.1409
co,ve,2,0.2021
co,mm,3,0.2484
co,gw,4,0.2506
co,gd,5,0.2743
co,cm,6,0.2787
cr,cu,1,0.1731
cr,py,2,0.2495
cr,ph,3,0.2633
cr,ru,4,0.2649
cr,kh,5,0.266
cr,hr,6,0.2737
cu,cr,1,0.1731
cu,kh,2,0.2551
cu,py,3,0.2629
cu,cv,4,0.2654
cu,ht,5,0.2679
cu,hr,6,0.2723
cv,mh,1,0.1607
cv,mp,2,0.1746
cv,kh,3,0.2504
cv,bz,4,0.2505
cv,hm,5,0.2508
cv,ba,6,0.2533
cw,gu,1,0.1551
cw,nr,2,0.1568
cw,nz,3,0.1598
cw,tk,4,0.1617
cw,au,5,0.1655
cw,sh,6,0.1709
cx,cc,1,0.2576
cx,pn,2,0.2652
cx,tc,3,0.2717
cx,tm,4,0.2729
cx,vg,5,0.2765
cx,cw,6,0.2768
cy,yt,1,0.0999
cy,bl,2,0.1066
cy,jp,3,0.1171
cy,kr,4,0.1504
cy,vi,5,0.1556
cy,je,6,0.188
cz,cl,1,0.154
cz,pl,2,0.1639
cz,gl,3,0.2009
cz,sk,4,0.2099
cz,ru,5,0.2158
cz,bg,6,0.2192
de,ug,1,0.1568
de,mw,2,0.2473
de,mz,3,0.2481
de,ag,4,0.2615
de,mk,5,0.2688
de,pg,6,0.2773
dj,uz,1,0.2378
dj,ar,2,0.2388
dj,sm,3,0.2453
dj,gt,4,0.2621
dj,sl,5,0.2923
dj,ne,6,0.3044
dk,ch,1,0.1114
dk,hk,2,0.1288
dk,to,3,0.1322
dk,tn,4,0.141
dk,tr,5,0.1538
dk,im,6,0.1542
dm,sa,1,0.1977
dm,pk,2,0.2573
dm,nf,3,0.2597
dm,ke,4,0.2882
dm,sb,5,0.289
dm,af,6,0.3057
do,fr,1,0.1777
do,mf,2,0.1777
do,my,3,0.2478
do,la,4,0.256
do,hu,5,0.2568
do,sc,6,0.2595
dz,nf,1,0.3003
dz,dm,2,0.34
dz,in,3,0.3407
dz,kw,4,0.3467
dz,fo,5,0.3484
dz,tj,6,0.3513
ec,co,1,0.1409
ec,mm,2,0.2171
ec,ve,3,0.2302
ec,gw,4,0.2487
ec,md,5,0.2514
ec,cm,6,0.2802
ee,rs,1,0.3586
ee,fo,2,0.385
ee,fi,3,0.3924
ee,th,4,0.3931
ee,bw,5,0.3991
ee,gb-sct,6,0.4187
eg,ye,1,0.0202
eg,iq,2,0.0223
eg,sd,3,0.1156
eg,ae,4,0.1864
eg,hu,5,0.1941
eg,at,6,0.1949
eh,jo,1,0.0478
eh,ps,2,0.123
eh,sy,3,0.1348
eh,sd,4,0.1538
eh,kw,5,0.1583
eh,ae,6,0.1804
er,mn,1,0.3151
er,ki,2,0.3155
er,mk,3,0.3164
er,ma,4,0.3175
er,kp,5,0.3212
er,by,6,0.3236
es,lk,1,0.2044
es,lv,2,0.2604
es,bv,3,0.2815
es,no,4,0.2815
es,sj,5,0.2815
es,qa,6,0.3217
et,ml,1,0.2135
et,mm,2,0.248
et,kn,3,0.2527
et,gq,4,0.2597
et,ec,5,0.2809
et,gf,6,0.2846
fi,fo,1,0.2099
fi,vi,2,0.2766
fi,th,3,0.2824
fi,yt,4,0.2844
fi,gb-eng,5,0.2907
fi,bl,6,0.2947
fj,fm,1,0.1621
fj,so,2,0.1672
fj,aw,3,0.1799
fj,gt,4,0.1866
fj,bw,5,0.1885
fj,ar,6,0.202
fk,ky,1,0.041
fk,sh,2,0.0441
fk,ai,3,0.046
fk,ms,4,0.0472
fk,vg,5,0.0518
fk,gs,6,0.0539
fm,so,1,0.0221
fm,aw,2,0.0994
fm,bw,3,0.1388
fm,fj,4,0.1621
fm,gt,5,0.1653
fm,ar,6,0.1805
fo,kr,1,0.2017
fo,fi,2,0.2099
fo,gb-eng,3,0.2111
fo,gg,4,0.2112
fo,bl,5,0.2166
fo,vi,6,0.2223
fr,mf,1,0.0
fr,it,2,0.1504
fr,mx,3,0.1708
fr,do,4,0.1777
fr,pe,5,0.1877
fr,ro,6,0.2067
ga,gy,1,0.2699
ga,gw,2,0.2749
ga,gn,3,0.2789
ga,bj,4,0.2829
ga,br,5,0.2931
ga,nc,6,0.3047
gb-eng,gb-nir,1,0.0496
gb-eng,ge,2,0.0688
gb-eng,gg,3,0.0822
gb-eng,je,4,0.1664
gb-eng,yt,5,0.1704
gb-eng,bl,6,0.1847
gb-nir,gb-eng,1,0.0496
gb-nir,ge,2,0.0817
gb-nir,gg,3,0.095
gb-nir,je,4,0.1606
gb-nir,yt,5,0.1676
gb-nir,bl,6,0.1817
gb-sct,gr,1,0.1568
gb-sct,sv,2,0.2164
gb-sct,tf,3,0.2647
gb-sct,xk,4,0.2877
gb-sct,nl,5,0.3002
gb-sct,is,6,0.3066
gb-wls,bg,1,0.2835
gb-wls,qa,2,0.3426
gb-wls,gy,3,0.3464
gb-wls,ie,4,0.3477
gb-wls,it,5,0.3493
gb-wls,dj,6,0.3553
gb,my,1,0.2138
gb,io,2,0.2653
gb,ki,3,0.2721
gb,do,4,0.2821
gb,fr,5,0.2929
gb,mf,6,0.2929
gd,cm,1,0.1987
gd,lt,2,0.2054
gd,mk,3,0.2153
gd,ve,4,0.2402
gd,gn,5,0.2429
gd,ad,6,0.2441
ge,gb-eng,1,0.0688
ge,gb-nir,2,0.0817
ge,gg,3,0.113
ge,sg,4,0.1861
ge,je,5,0.1958
ge,gl,6,0.2264
gf,st,1,0.1957
gf,ml,2,0.269
gf,cc,3,0.2761
gf,et,4,0.2846
gf,tm,5,0.2968
gf,ua,6,0.3014
gg,gb-eng,1,0.0822
gg,gb-nir,2,0.095
gg,ge,3,0.113
gg,je,4,0.1829
gg,bl,5,0.1979
gg,sg,6,0.2092
gh,bo,1,0.0348
gh,by,2,0.1897
gh,pt,3,0.2391
gh,mk,4,0.2405
gh,gm,5,0.2435
gh,gw,6,0.2602
gi,pl,1,0.1233
gi,gl,2,0.1325
gi,pf,3,0.1953
gi,lb,4,0.206
gi,sk,5,0.2156
gi,cz,6,0.2207
gl,pl,1,0.0821
gl,gi,2,0.1325
gl,mt,3,0.1737
gl,pf,4,0.1892
gl,cl,5,0.1925
gl,cz,6,0.2009
gm,bo,1,0.2293
gm,by,2,0.2303
gm,gh,3,0.2435
gm,tj,4,0.2487
gm,mv,5,0.2498
gm,mg,6,0.2655
gn,gw,1,0.1012
gn,bj,2,0.2076
gn,mu,3,0.2357
gn,mr,4,0.2426
gn,gd,5,0.2429
gn,td,6,0.2449
gp,ao,1,0.2883
gp,ly,2,0.2997
gp,pg,3,0.3061
gp,af,4,0.3176
gp,jm,5,0.3333
gp,be,6,0.3412
gq,ae,1,0.2134
gq,ir,2,0.2202
gq,kw,3,0.238
gq,at,4,0.2523
gq,sl,5,0.258
gq,ps,6,0.2594
gr,gb-sct,1,0.1568
gr,sv,2,0.1977
gr,nl,3,0.2574
gr,ar,4,0.2782
gr,tf,5,0.2874
gr,is,6,0.2889
gs,ky,1,0.0338
gs,ms,2,0.0399
gs,pn,3,0.0436
gs,sh,4,0.0442
gs,ck,5,0.0505
gs,nz,6,0.0508
gt,ar,1,0.0818
gt,fm,2,0.1653
gt,so,3,0.174
gt,sm,4,0.1819
gt,bw,5,0.1857
gt,fj,6,0.1866
gu,nr,1,0.1209
gu,nz,2,0.1263
gu,au,3,0.1471
gu,sh,4,0.1488
gu,cw,5,0.1551
gu,ck,6,0.1579
gw,gn,1,0.1012
gw,bj,2,0.1763
gw,bf,3,0.2065
gw,vu,4,0.2364
gw,mu,5,0.2427
gw,ec,6,0.2487
gy,br,1,0.2365
gy,ga,2,0.2699
gy,gn,3,0.2823
gy,gw,4,0.2881
gy,mr,5,0.2882
gy,nc,6,0.2953
hk,tn,1,0.0191
hk,im,2,0.0501
hk,tr,3,0.0515
hk,cn,4,0.0777
hk,kg,5,0.0802
hk,vn,6,0.0822
hm,mp,1,0.1355
hm,bz,2,0.215
hm,mh,3,0.2242
hm,ba,4,0.2498
hm,cv,5,0.2508
hm,kh,6,0.2639
hn,aq,1,0.1036
hn,uz,2,0.2165
hn,kz,3,0.2341
hn,lu,4,0.2476
hn,pw,5,0.2557
hn,tv,6,0.2575
hr,py,1,0.0663
hr,hu,2,0.1867
hr,lu,3,0.1971
hr,eg,4,0.2012
hr,ye,5,0.2054
hr,iq,6,0.2057
ht,kh,1,0.1494
ht,ph,2,0.1634
ht,bz,3,0.2089
ht,tw,4,0.2633
ht,ad,5,0.2633
ht,cu,6,0.2679
hu,lu,1,0.1618
hu,py,2,0.1746
hu,ye,3,0.1749
hu,tj,4,0.1776
hu,at,5,0.1777
hu,hr,6,0.1867
id,mc,1,0.0229
id,sg,2,0.0672
id,mt,3,0.1845
id,lb,4,0.2152
id,at,5,0.2358
id,ki,6,0.2364
ie,it,1,0.15
ie,ng,2,0.2042
ie,ci,3,0.2779
ie,fr,4,0.3066
ie,mf,5,0.3066
ie,mx,6,0.3102
il,uy,1,0.1865
il,yt,2,0.2426
il,bl,3,0.2586
il,vi,4,0.2598
il,kr,5,0.2613
il,cy,6,0.2695
im,tr,1,0.0328
im,cn,2,0.0423
im,ma,3,0.0464
im,tn,4,0.0485
im,hk,5,0.0501
im,vn,6,0.0532
in,ne,1,0.1757
in,tj,2,0.2202
in,sy,3,0.264
in,mg,4,0.2709
in,py,5,0.2912
in,hu,6,0.3016
io,gb,1,0.2653
io,ck,2,0.2834
io,fk,3,0.2908
io,ky,4,0.3026
io,pn,5,0.3054
io,ki,6,0.3071
iq,ye,1,0.0216
iq,eg,2,0.0223
iq,sd,3,0.1136
iq,ae,4,0.1885
iq,hu,5,0.1944
iq,at,6,0.1973
ir,lb,1,0.2047
ir,at,2,0.2132
ir,gq,3,0.2202
ir,pf,4,0.2204
ir,hu,5,0.223
ir,it,6,0.2293
is,tf,1,0.1613
is,se,2,0.1858
is,ax,3,0.1924
is,sv,4,0.1929
is,xk,5,0.1992
is,kp,6,0.28
it,ie,1,0.15
it,fr,2,0.1504
it,mf,3,0.1504
it,mx,4,0.1565
it,ng,5,0.1894
it,pe,6,0.2041
je,gb-nir,1,0.1606
je,gb-eng,2,0.1664
je,yt,3,0.1697
je,bl,4,0.1717
je,kr,5,0.18
je,gg,6,0.1829
jm,lt,1,0.2741
jm,gp,2,0.3333
jm,lk,3,0.3396
jm,mz,4,0.3489
jm,kn,5,0.3639
jm,bd,6,0.3647
jo,eh,1,0.0478
jo,sd,2,0.1534
jo,ps,3,0.1541
jo,kw,4,0.1571
jo,ae,5,0.1695
jo,sy,6,0.1782
jp,yt,1,0.1098
jp,cy,2,0.1171
jp,bl,3,0.1259
jp,kr,4,0.1515
jp,gb-eng,5,0.1884
jp,vi,6,0.193
ke,af,1,0.2118
ke,eh,2,0.2371
ke,sr,3,0.2385
ke,jo,4,0.2436
ke,sy,5,0.2685
ke,mw,6,0.2853
kg,vn,1,0.045
kg,cn,2,0.0533
kg,me,3,0.0722
kg,tn,4,0.0746
kg,im,5,0.0753
kg,tr,6,0.0801
kh,ht,1,0.1494
kh,bz,2,0.2115
kh,ph,3,0.2229
kh,cv,4,0.2504
kh,cu,5,0.2551
kh,mp,6,0.2578
ki,mc,1,0.2317
ki,id,2,0.2364
ki,sg,3,0.2558
ki,sc,4,0.2597
ki,do,5,0.2621
ki,dk,6,0.2664
km,cf,1,0.3011
km,mm,2,0.3288
km,ba,3,0.346
km,py,4,0.3509
km,bq,5,0.3529
km,hr,6,0.3587
kn,mw,1,0.1736
kn,tz,2,0.245
kn,et,3,0.2527
kn,pg,4,0.2569
kn,ml,5,0.259
kn,sn,6,0.273
kp,mn,1,0.179
kp,bm,2,0.2365
kp,dk,3,0.2588
kp,by,4,0.2617
kp,wf,5,0.2618
kp,im,6,0.2626
kr,bl,1,0.1108
kr,yt,2,0.1114
kr,cy,3,0.1504
kr,jp,4,0.1515
kr,je,5,0.18
kr,vi,6,0.1862
kw,jo,1,0.1571
kw,eh,2,0.1583
kw,sd,3,0.1591
kw,ae,4,0.1858
kw,sy,5,0.1994
kw,gq,6,0.238
ky,sh,1,0.03
ky,gs,2,0.0338
ky,fk,3,0.041
ky,ms,4,0.0425
ky,vg,5,0.0455
ky,ck,6,0.0463
kz,pw,1,0.1363
kz,tv,2,0.1578
kz,aq,3,0.2012
kz,hn,4,0.2341
kz,rw,5,0.2892
kz,pm,6,0.3244
la,li,1,0.1521
la,ws,2,0.2246
la,ve,3,0.2361
la,fr,4,0.2451
la,mf,5,0.2451
la,td,6,0.2497
lb,pf,1,0.0804
lb,at,2,0.1216
lb,tj,3,0.1952
lb,mt,4,0.1992
lb,pl,5,0.2002
lb,ir,6,0.2047
lc,fm,1,0.4099
lc,aw,2,0.4222
lc,ar,3,0.4368
lc,so,4,0.4377
lc,gt,5,0.4384
lc,sm,6,0.4442
li,la,1,0.1521
li,ws,2,0.1693
li,ma,3,0.2565
li,bm,4,0.2565
li,td,5,0.2697
li,ro,6,0.2727
lk,es,1,0.2044
lk,lt,2,0.294
lk,jm,3,0.3396
lk,am,4,0.3455
lk,me,5,0.3603
lk,sz,6,0.3607
lr,um,1,0.2525
lr,us,2,0.2525
lr,pf,3,0.2855
lr,gb,4,0.3008
lr,my,5,0.3029
lr,sg,6,0.3038
ls,py,1,0.2402
ls,nc,2,0.2593
ls,ir,3,0.2739
ls,hr,4,0.2821
ls,il,5,0.2986
ls,uz,6,0.3062
lt,am,1,0.2008
lt,gd,2,0.2054
lt,cm,3,0.2542
lt,ve,4,0.2598
lt,jm,5,0.2741
lt,lk,6,0.294
lu,hu,1,0.1618
lu,py,2,0.1731
lu,hr,3,0.1971
lu,tj,4,0.2134
lu,ye,5,0.2269
lu,at,6,0.2439
lv,qa,1,0.1967
lv,bv,2,0.217
lv,no,3,0.217
lv,sj,4,0.217
lv,es,5,0.2604
lv,nl,6,0.2706
ly,ao,1,0.1769
ly,vu,2,0.1781
ly,pg,3,0.1797
ly,mq,4,0.2002
ly,mw,5,0.2646
ly,bf,6,0.2853
ma,im,1,0.0464
ma,cn,2,0.0508
ma,tr,3,0.0599
ma,vn,4,0.0688
ma,al,5,0.0716
ma,hk,6,0.0827
mc,id,1,0.0229
mc,sg,2,0.0493
mc,mt,3,0.1552
mc,pf,4,0.2062
mc,lb,5,0.2107
mc,at,6,0.2188
md,ro,1,0.1765
md,td,2,0.1799
md,ad,3,0.1885
md,ml,4,0.2122
md,bj,5,0.2505
md,ec,6,0.2514
me,kg,1,0.0722
me,vn,2,0.1051
me,cn,3,0.1055
me,im,4,0.121
me,ma,5,0.1241
me,tl,6,0.1296
mf,fr,1,0.0
mf,it,2,0.1504
mf,mx,3,0.1708
mf,do,4,0.1777
mf,pe,5,0.1877
mf,ro,6,0.2067
mg,bh,1,0.214
mg,tj,2,0.218
mg,mt,3,0.2511
mg,gm,4,0.2655
mg,pk,5,0.266
mg,by,6,0.2669
mh,mp,1,0.1602
mh,cv,2,0.1607
mh,ba,3,0.2209
mh,hm,4,0.2242
mh,bz,5,0.2431
mh,kh,6,0.2762
mk,me,1,0.17
mk,kg,2,0.18
mk,cn,3,0.2011
mk,tl,4,0.2012
mk,vn,5,0.205
mk,gd,6,0.2153
ml,sn,1,0.1464
ml,td,2,0.1609
ml,ro,3,0.1618
ml,mm,4,0.1778
ml,md,5,0.2122
ml,et,6,0.2135
mm,ml,1,0.1778
mm,ec,2,0.2171
mm,ve,3,0.2174
mm,et,4,0.248
mm,co,5,0.2484
mm,gn,6,0.2516
mn,kp,1,0.179
mn,mk,2,0.2469
mn,ma,3,0.2527
mn,me,4,0.2574
mn,im,5,0.2614
mn,mv,6,0.266
mo,bd,1,0.1248
mo,tg,2,0.3548
mo,za,3,0.3572
mo,mx,4,0.3626
mo,jm,5,0.3654
mo,sa,6,0.395
mp,hm,1,0.1355
mp,mh,2,0.1602
mp,cv,3,0.1746
mp,bz,4,0.1822
mp,ba,5,0.1948
mp,kh,6,0.2578
mq,ly,1,0.2002
mq,vu,2,0.2165
mq,ao,3,0.2521
mq,gw,4,0.2683
mq,mr,5,0.2697
mq,gn,6,0.2778
mr,bf,1,0.1728
mr,bj,2,0.2246
mr,gn,3,0.2426
mr,cg,4,0.2499
mr,gw,5,0.2566
mr,vu,6,0.2623
ms,gs,1,0.0399
ms,ky,2,0.0425
ms,sh,3,0.0462
ms,fk,4,0.0472
ms,ck,5,0.0492
ms,nz,6,0.0495
mt,bh,1,0.1368
mt,pl,2,0.1517
mt,mc,3,0.1552
mt,sg,4,0.1686
mt,gl,5,0.1737
mt,id,6,0.1845
mu,gn,1,0.2357
mu,td,2,0.2408
mu,ro,3,0.2419
mu,gw,4,0.2427
mu,ve,5,0.2543
mu,bj,6,0.2546
mv,by,1,0.1426
mv,ma,2,0.1659
mv,pt,3,0.1732
mv,bm,4,0.2
mv,im,5,0.2043
mv,ws,6,0.2086
mw,kn,1,0.1736
mw,ps,2,0.2257
mw,de,3,0.2473
mw,vu,4,0.2572
mw,ae,5,0.2586
mw,ao,6,0.26
mx,it,1,0.1565
mx,fr,2,0.1708
mx,mf,3,0.1708
mx,cz,4,0.2197
mx,pe,5,0.2227
mx,rs,6,0.25
my,gb,1,0.2138
my,do,2,0.2478
my,fr,3,0.2563
my,mf,4,0.2563
my,rs,5,0.2815
my,sc,6,0.3004
mz,tg,1,0.2455
mz,de,2,0.2481
mz,gd,3,0.2675
mz,cm,4,0.275
mz,ug,5,0.2769
mz,jm,6,0.3489
na,nc,1,0.2747
na,vu,2,0.2756
na,bf,3,0.2816
na,za,4,0.286
na,mr,5,0.2876
na,mq,6,0.2899
nc,ls,1,0.2593
nc,br,2,0.2664
nc,na,3,0.2747
nc,gy,4,0.2953
nc,ga,5,0.3047
nc,kh,6,0.3508
ne,in,1,0.1757
ne,sl,2,0.2519
ne,ps,3,0.2775
ne,uz,4,0.2803
ne,dj,5,0.3044
ne,tj,6,0.3141
nf,sa,1,0.2363
nf,dm,2,0.2597
nf,pk,3,0.2926
nf,dz,4,0.3003
nf,ng,5,0.3064
nf,sr,6,0.3149
ng,it,1,0.1894
ng,ie,2,0.2042
ng,ci,3,0.2185
ng,br,4,0.2692
ng,nf,5,0.3064
ng,gy,6,0.3266
ni,sl,1,0.1816
ni,sv,2,0.2803
ni,hn,3,0.2887
ni,uz,4,0.3035
ni,cd,5,0.3052
ni,ls,6,0.3122
nl,sv,1,0.1995
nl,gr,2,0.2574
nl,py,3,0.2619
nl,lv,4,0.2706
nl,hu,5,0.2748
nl,sz,6,0.2868
no,bv,1,0.0
no,sj,2,0.0
no,lv,3,0.217
no,qa,4,0.2587
no,es,5,0.2815
no,sx,6,0.2869
np,hu,1,0.2861
np,na,2,0.3273
np,bm,3,0.3372
np,rs,4,0.3391
np,wf,5,0.3442
np,tt,6,0.3458
nr,gu,1,0.1209
nr,nz,2,0.1402
nr,au,3,0.1492
nr,cw,4,0.1568
nr,sh,5,0.1597
nr,tc,6,0.1677
nu,bn,1,0.2616
nu,bt,2,0.2762
nu,va,3,0.3057
nu,gf,4,0.3148
nu,ua,5,0.317
nu,ec,6,0.3349
nz,sh,1,0.0305
nz,au,2,0.0337
nz,ck,3,0.0473
nz,ky,4,0.0481
nz,tc,5,0.0493
nz,ms,6,0.0495
om,by,1,0.1784
om,pe,2,0.222
om,cl,3,0.2225
om,ca,4,0.2363
om,mv,5,0.2414
om,pl,6,0.2446
pa,fr,1,0.2346
pa,mf,2,0.2346
pa,sg,3,0.2631
pa,do,4,0.285
pa,mt,5,0.2893
pa,mc,6,0.2913
pe,ca,1,0.1118
pe,ch,2,0.1485
pe,dk,3,0.1678
pe,at,4,0.1756
pe,hk,5,0.1796
pe,fr,6,0.1877
pf,lb,1,0.0804
pf,at,2,0.1148
pf,tj,3,0.1889
pf,gl,4,0.1892
pf,gi,5,0.1953
pf,pl,6,0.2008
pg,ao,1,0.0793
pg,ly,2,0.1797
pg,tl,3,0.2188
pg,vu,4,0.2434
pg,kn,5,0.2569
pg,tt,6,0.2581
ph,ht,1,0.1634
ph,kh,2,0.2229
ph,ru,3,0.2545
ph,cr,4,0.2633
ph,hr,5,0.2871
ph,cu,6,0.2873
pk,sa,1,0.2478
pk,dm,2,0.2573
pk,mg,3,0.266
pk,nf,4,0.2926
pk,sb,5,0.3295
pk,sr,6,0.3443
pl,gl,1,0.0821
pl,gi,2,0.1233
pl,cl,3,0.1369
pl,mt,4,0.1517
pl,cz,5,0.1639
pl,lb,6,0.2002
pm,tv,1,0.3215
pm,kz,2,0.3244
pm,uz,3,0.3399
pm,tz,4,0.3412
pm,rw,5,0.3443
pm,az,6,0.3557
pn,vg,1,0.0359
pn,gs,2,0.0436
pn,ms,3,0.0552
pn,ky,4,0.0561
pn,tc,5,0.0619
pn,sh,6,0.0632
pr,pf,1,0.2511
pr,lb,2,0.2549
pr,at,3,0.2938
pr,cl,4,0.2969
pr,gq,5,0.299
pr,cz,6,0.304
ps,ae,1,0.0971
ps,eh,2,0.123
ps,jo,3,0.1541
ps,sd,4,0.2168
ps,ye,5,0.2174
ps,eg,6,0.2189
pt,by,1,0.1633
pt,mv,2,0.1732
pt,tl,3,0.207
pt,bo,4,0.2332
pt,gh,5,0.2391
pt,me,6,0.2392
pw,kz,1,0.1363
pw,aq,2,0.2059
pw,tv,3,0.2133
pw,hn,4,0.2557
pw,rw,5,0.2751
pw,pm,6,0.3934
py,hr,1,0.0663
py,lu,2,0.1731
py,hu,3,0.1746
py,ye,4,0.19
py,iq,5,0.1982
py,eg,6,0.2
qa,lv,1,0.1967
qa,bv,2,0.2587
qa,no,3,0.2587
qa,sj,4,0.2587
qa,sx,5,0.2643
qa,bh,6,0.2953
re,cd,1,0.2647
re,ni,2,0.3513
re,pr,3,0.3519
re,gq,4,0.3791
re,ph,5,0.3904
re,ht,6,0.3917
ro,td,1,0.0015
ro,ml,2,0.1618
ro,ve,3,0.1759
ro,md,4,0.1765
ro,ad,5,0.1998
ro,fr,6,0.2067
rs,sg,1,0.2196
rs,mc,2,0.2326
rs,mx,3,0.25
rs,id,4,0.2565
rs,ki,5,0.2806
rs,my,6,0.2815
ru,bg,1,0.1449
ru,sk,2,0.1616
ru,si,3,0.1787
ru,cl,4,0.1867
ru,cz,5,0.2158
ru,pl,6,0.2327
rw,pw,1,0.2751
rw,kz,2,0.2892
rw,hn,3,0.3349
rw,az,4,0.3355
rw,tv,5,0.3363
rw,aq,6,0.3404
sa,dm,1,0.1977
sa,nf,2,0.2363
sa,pk,3,0.2478
sa,sb,4,0.2722
sa,af,5,0.332
sa,sr,6,0.3481
sb,sa,1,0.2722
sb,xk,2,0.283
sb,dm,3,0.289
sb,bs,4,0.3093
sb,se,5,0.3104
sb,tf,6,0.3227
sc,do,1,0.2595
sc,ki,2,0.2597
sc,om,3,0.2992
sc,fr,4,0.2995
sc,mf,5,0.2995
sc,my,6,0.3004
sd,ye,1,0.1136
sd,iq,2,0.1136
sd,eg,3,0.1156
sd,jo,4,0.1534
sd,eh,5,0.1538
sd,kw,6,0.1591
se,ax,1,0.1599
se,is,2,0.1858
se,bs,3,0.195
se,xk,4,0.2077
se,tf,5,0.2253
se,sv,6,0.2286
sg,mc,1,0.0493
sg,id,2,0.0672
sg,mt,3,0.1686
sg,ge,4,0.1861
sg,je,5,0.2021
sg,pf,6,0.2075
sh,ky,1,0.03
sh,nz,2,0.0305
sh,ai,3,0.032
sh,tc,4,0.0322
sh,au,5,0.0431
sh,fk,6,0.0441
si,ru,1,0.1787
si,sk,2,0.1794
si,bg,3,0.2079
si,cz,4,0.2397
si,pl,5,0.2475
si,cl,6,0.2572
sj,bv,1,0.0
sj,no,2,0.0
sj,lv,3,0.217
sj,qa,4,0.2587
sj,es,5,0.2815
sj,sx,6,0.2869
sk,ru,1,0.1616
sk,si,2,0.1794
sk,bg,3,0.1838
sk,pl,4,0.2017
sk,gl,5,0.2042
sk,cz,6,0.2099
sl,ni,1,0.1816
sl,uz,2,0.1958
sl,ne,3,0.2519
sl,gq,4,0.258
sl,ps,5,0.2772
sl,dj,6,0.2923
sm,ar,1,0.1538
sm,gt,2,0.1819
sm,dj,3,0.2453
sm,vi,4,0.2507
sm,yt,5,0.2559
sm,bl,6,0.2608
sn,ml,1,0.1464
sn,cg,2,0.2042
sn,kn,3,0.273
sn,ro,4,0.2809
sn,td,5,0.2825
sn,md,6,0.2895
so,fm,1,0.0221
so,aw,2,0.0996
so,bw,3,0.1396
so,fj,4,0.1672
so,gt,5,0.174
so,ar,6,0.2013
sr,ke,1,0.2385
sr,th,2,0.2973
sr,dm,3,0.3116
sr,nf,4,0.3149
sr,om,5,0.3264
sr,zw,6,0.3282
ss,vu,1,0.2816
ss,mq,2,0.2998
ss,ly,3,0.3139
ss,mw,4,0.3169
ss,eh,5,0.321
ss,ps,6,0.3234
st,gf,1,0.1957
st,cc,2,0.2376
st,zm,3,0.2479
st,tm,4,0.2557
st,ml,5,0.287
st,et,6,0.2886
sv,tf,1,0.1878
sv,is,2,0.1929
sv,gr,3,0.1977
sv,nl,4,0.1995
sv,xk,5,0.2082
sv,gb-sct,6,0.2164
sx,qa,1,0.2643
sx,bv,2,0.2869
sx,no,3,0.2869
sx,sj,4,0.2869
sx,lv,5,0.2935
sx,bq,6,0.2935
sy,eh,1,0.1348
sy,jo,2,0.1782
sy,kw,3,0.1994
sy,sd,4,0.2015
sy,eg,5,0.2101
sy,ye,6,0.2117
sz,nl,1,0.2868
sz,kp,2,0.3023
sz,ax,3,0.3127
sz,bs,4,0.3253
sz,mn,5,0.3326
sz,bv,6,0.337
tc,sh,1,0.0322
tc,ai,2,0.0396
tc,ky,3,0.0475
tc,nz,4,0.0493
tc,ms,5,0.0547
tc,vg,6,0.0549
td,ro,1,0.0015
td,ml,2,0.1609
td,ve,3,0.1741
td,md,4,0.1799
td,ad,5,0.2022
td,fr,6,0.2165
tf,xk,1,0.1223
tf,is,2,0.1613
tf,sv,3,0.1878
tf,se,4,0.2253
tf,ax,5,0.2526
tf,gb-sct,6,0.2647
tg,cm,1,0.234
tg,mz,2,0.2455
tg,gd,3,0.2511
tg,bo,4,0.3163
tg,ug,5,0.3198
tg,gw,6,0.3204
th,fi,1,0.2824
th,sr,2,0.2973
th,qa,3,0.3045
th,lr,4,0.3166
th,bv,5,0.3179
th,no,6,0.3179
tj,hu,1,0.1776
tj,pf,2,0.1889
tj,ye,3,0.1891
tj,lb,4,0.1952
tj,eg,5,0.2007
tj,py,6,0.204
tk,bb,1,0.1155
tk,cw,2,0.1617
tk,nr,3,0.2088
tk,pn,4,0.2097
tk,gs,5,0.2106
tk,vg,6,0.2228
tl,cn,1,0.1258
tl,me,2,0.1296
tl,ma,3,0.1326
tl,kg,4,0.133
tl,vn,5,0.1343
tl,im,6,0.1375
tm,zm,1,0.1241
tm,cc,2,0.1406
tm,st,3,0.2557
tm,cx,4,0.2729
tm,gf,5,0.2968
tm,tz,6,0.3507
tn,hk,1,0.0191
tn,im,2,0.0485
tn,tr,3,0.0515
tn,kg,4,0.0746
tn,cn,5,0.0784
tn,vn,6,0.0787
to,wf,1,0.1099
to,tr,2,0.1111
to,hk,3,0.1115
to,tn,4,0.1197
to,im,5,0.1202
to,ma,6,0.1319
tr,im,1,0.0328
tr,tn,2,0.0515
tr,hk,3,0.0515
tr,cn,4,0.054
tr,ma,5,0.0599
tr,vn,6,0.0635
tt,tl,1,0.1555
tt,wf,2,0.1571
tt,bm,3,0.1592
tt,hk,4,0.1642
tt,im,5,0.1683
tt,tn,6,0.1714
tv,kz,1,0.1578
tv,pw,2,0.2133
tv,aq,3,0.2235
tv,hn,4,0.2575
tv,pm,5,0.3215
tv,fj,6,0.3267
tw,ws,1,0.1125
tw,wf,2,0.141
tw,im,3,0.153
tw,ma,4,0.154
tw,tr,5,0.1548
tw,cn,6,0.157
tz,kn,1,0.245
tz,mw,2,0.2956
tz,pm,3,0.3412
tz,ps,4,0.344
tz,cc,5,0.3486
tz,ss,6,0.3495
ua,se,1,0.2636
ua,gf,2,0.3014
ua,bs,3,0.3026
ua,ax,4,0.3089
ua,nu,5,0.317
ua,xk,6,0.3304
ug,de,1,0.1568
ug,mm,2,0.2616
ug,ag,3,0.27
ug,ve,4,0.2765
ug,mz,5,0.2769
ug,be,6,0.2771
um,us,1,0.0
um,lr,2,0.2525
um,rs,3,0.2923
um,io,4,0.3314
um,gb,5,0.3315
um,my,6,0.3443
us,um,1,0.0
us,lr,2,0.2525
us,rs,3,0.2923
us,io,4,0.3314
us,gb,5,0.3315
us,my,6,0.3443
uy,il,1,0.1865
uy,vi,2,0.28
uy,yt,3,0.2821
uy,bl,4,0.2849
uy,kr,5,0.2917
uy,sm,6,0.2941
uz,sl,1,0.1958
uz,hn,2,0.2165
uz,dj,3,0.2378
uz,aq,4,0.268
uz,lu,5,0.2707
uz,ne,6,0.2803
va,bn,1,0.2565
va,bt,2,0.2604
va,nu,3,0.3057
va,vi,4,0.3088
va,bl,5,0.3118
va,cy,6,0.3165
vc,td,1,0.2552
vc,ro,2,0.2555
vc,bb,3,0.2582
vc,tk,4,0.2886
vc,ve,5,0.2909
vc,bo,6,0.3138
ve,td,1,0.1741
ve,ro,2,0.1759
ve,co,3,0.2021
ve,mm,4,0.2174
ve,ec,5,0.2302
ve,la,6,0.2361
vg,pn,1,0.0359
vg,ky,2,0.0455
vg,sh,3,0.0502
vg,gs,4,0.0513
vg,fk,5,0.0518
vg,tc,6,0.0549
vi,bl,1,0.1361
vi,cy,2,0.1556
vi,yt,3,0.1659
vi,kr,4,0.1862
vi,jp,5,0.193
vi,je,6,0.2036
vn,cn,1,0.0318
vn,kg,2,0.045
vn,im,3,0.0532
vn,tr,4,0.0635
vn,ma,5,0.0688
vn,tn,6,0.0787
vu,ly,1,0.1781
vu,bf,2,0.2098
vu,mq,3,0.2165
vu,ao,4,0.2253
vu,gw,5,0.2364
vu,pg,6,0.2434
wf,hk,1,0.0835
wf,tn,2,0.0876
wf,tr,3,0.0885
wf,im,4,0.092
wf,to,5,0.1099
wf,ma,6,0.1121
ws,tw,1,0.1125
ws,ma,2,0.1337
ws,wf,3,0.1393
ws,im,4,0.1558
ws,bm,5,0.1628
ws,tl,6,0.1659
xk,tf,1,0.1223
xk,is,2,0.1992
xk,se,3,0.2077
xk,sv,4,0.2082
xk,ax,5,0.2551
xk,bs,6,0.2663
ye,eg,1,0.0202
ye,iq,2,0.0216
ye,sd,3,0.1136
ye,hu,4,0.1749
ye,at,5,0.1757
ye,ae,6,0.1844
yt,bl,1,0.0823
yt,cy,2,0.0999
yt,jp,3,0.1098
yt,kr,4,0.1114
yt,vi,5,0.1659
yt,gb-nir,6,0.1676
za,na,1,0.286
za,gm,2,0.2984
za,mx,3,0.311
za,lt,4,0.3144
za,bz,5,0.3221
za,gd,6,0.3248
zm,tm,1,0.1241
zm,cc,2,0.1549
zm,st,3,0.2479
zm,kn,4,0.2849
zm,cx,5,0.3013
zm,mw,6,0.3026
zw,gh,1,0.2837
zw,bo,2,0.3053
zw,by,3,0.3194
zw,mg,4,0.3242
zw,tg,5,0.3254
zw,sr,6,0.3282
